<?xml version="1.0" encoding="UTF-8" standalone="no"?><clientes><cliente><nombre>valor</nombre><apellido1>valor</apellido1><apellido2>valor</apellido2></cliente><cliente><nombre>valor</nombre><apellido1>valor</apellido1><apellido2>valor</apellido2></cliente><cliente><nombre>valor</nombre><apellido1>valor</apellido1><apellido2>valor</apellido2></cliente><cliente><nombre>valor</nombre><apellido1>valor</apellido1><apellido2>valor</apellido2></cliente><cliente><nombre>valor</nombre><apellido1>valor</apellido1><apellido2>valor</apellido2></cliente><cliente><nombre>valor</nombre><apellido1>valor</apellido1><apellido2>valor</apellido2></cliente><cliente><nombre>valor</nombre><apellido1>valor</apellido1><apellido2>valor</apellido2></cliente></clientes>